<ots:query xmlns:ots="urn:xmlns:oceaninformatics.biz:schema:OTSQuerySchema" name="ABO Blood Groups - simple" language="en-GB" terminology="Snomed" parentQuery="ABO Blood Groups" description="" baseQuery="ABO Blood Groups" cacheMode="Permanent" pruneDeadHeads="true">
   <childNodes>
      <excludedConcepts>
         <childNodes>
            <concept conceptId="131157003"></concept>
            <concept conceptId="131149001"></concept>
            <concept conceptId="131150001"></concept>
            <concept conceptId="115736003"></concept>
            <concept conceptId="347556009"></concept>
            <concept conceptId="79248008"></concept>
            <concept conceptId="88942003"></concept>
            <concept conceptId="45597001"></concept>
            <concept conceptId="131158008"></concept>
            <concept conceptId="115737007"></concept>
            <concept conceptId="115731008"></concept>
         </childNodes>
      </excludedConcepts>
      <tree conceptId="112144000" maxDepth="0" rootOperation="Passthrough" treeOperation="Select" treeRelationship="-99999ChildRelationship" reverseTreeRelationship="true"></tree>
      <tree conceptId="165743006" maxDepth="0" rootOperation="Passthrough" treeOperation="Select" treeRelationship="-99999ChildRelationship" reverseTreeRelationship="true"></tree>
      <tree conceptId="112149005" maxDepth="0" rootOperation="Passthrough" treeOperation="Select" treeRelationship="-99999ChildRelationship" reverseTreeRelationship="true"></tree>
      <tree conceptId="58460004" maxDepth="0" rootOperation="Passthrough" treeOperation="Select" treeRelationship="-99999ChildRelationship" reverseTreeRelationship="true"></tree>
   </childNodes>
</ots:query>