<ots:query xmlns:ots="urn:xmlns:oceaninformatics.biz:schema:OTSQuerySchema" name="All Bacteria" language="en-GB" terminology="Snomed" parentQuery="" description="" baseQuery="" cacheMode="Permanent" pruneDeadHeads="true">
   <childNodes>
      <placeHolder text="By phylum">
         <childNodes>
            <concept conceptId="409822003" operation="Passthrough">
               <childNodes>
                  <iterator maxDepth="0">
                     <childNodes>
                        <relatedConcept operation="Navigate" relationship="116680003" reverseRelationship="true"></relatedConcept>
                     </childNodes>
                  </iterator>
               </childNodes>
            </concept>
         </childNodes>
      </placeHolder>
      <placeHolder text="Common categories">
         <childNodes>
            <tree conceptId="41146007" maxDepth="0" rootOperation="Passthrough" treeOperation="Select" treeRelationship="116680003" reverseTreeRelationship="true"></tree>
         </childNodes>
      </placeHolder>
   </childNodes>
</ots:query>